,mae_return,rmse_return
XGBoost,0.023470675598153478,0.05260155553875323
