,mae_return,rmse_return
CatBoost,0.02129833407037602,0.045701507837723206
