,mae_return,rmse_return
LightGBM,0.022863607480764866,0.04850219878215539
